from,to,relation,film,time
Affleck,Aniston,coacting,hesjustnotthatintoyou,2009
Affleck,Barrymore,coacting,hesjustnotthatintoyou,2009
Affleck,Barrymore,actedinprod,hesjustnotthatintoyou,2009
Affleck,Kunis,coacting,extract,2009
Affleck,Affleck,directed,thetown,2010
Affleck,Affleck,actedindirect,thetown,2010
Affleck,Affleck,written,thetown,2010
Affleck,Affleck,actedinwritten,thetown,2010
Affleck,Affleck,writtendirected,thetown,2010
Affleck,Affleck,directedwritten,thetown,2010
Affleck,Affleck,produced,argo,2012
Affleck,Affleck,directed,argo,2012
Affleck,Affleck,actedindirect,argo,2012
Affleck,Affleck,actedinprod,argo,2012
Affleck,Affleck,directedprod,argo,2012
Affleck,Affleck,proddirected,argo,2012
Affleck,Perry,coacting,gonegirl,2014
Affleck,Cavill,coacting,batmanvsupermandawnofjustice,2016
Affleck,Affleck,directed,livebynight,2016
Affleck,Affleck,produced,livebynight,2016
Affleck,Affleck,written,livebynight,2016
Affleck,Affleck,actedindirect,livebynight,2016
Affleck,Affleck,actedinprod,livebynight,2016
Affleck,Affleck,actedinwritten,livebynight,2016
Affleck,Affleck,prodwritten,livebynight,2016
Affleck,Affleck,writtenprod,livebynight,2016
Affleck,Affleck,proddirected,livebynight,2016
Affleck,Affleck,directedprod,livebynight,2016
Affleck,Affleck,prodwritten,livebynight,2016
Affleck,Affleck,writtenprod,livebynight,2016
Affleck,Affleck,produced,justiceleague,2017
Affleck,Affleck,actedinprod,justiceleague,2017
Affleck,Cavill,produced,justiceleague,2017
Affleck,Cavill,coacting,justiceleague,2017
Aniston,Affleck,coacting,hesjustnotthatintoyou,2009
Aniston,Barrymore,coacting,hesjustnotthatintoyou,2009
Aniston,Barrymore,actedinprod,hesjustnotthatintoyou,2009
Aniston,Butler,coacting,thebountyhunter,2010
Aniston,Aniston,produced,theswitch,2010
Aniston,Aniston,actedinprod,theswitch,2010
Aniston,Sandler,actedinprod,justgowithit,2011
Aniston,Sandler,coacting,justgowithit,2011
Aniston,Swardson,coacting,justgowithit,2011
Aniston,Aniston,produced,lifeofcrime,2013
Aniston,Aniston,actedinprod,lifeofcrime,2013
Aniston,Aniston,produced,cake,2014
Aniston,Aniston,actedinprod,cake,2014
Aniston,Roberts,coacting,mothersday,2016
Aniston,Aniston,produced,theyellowbirds,2017
Aniston,Aniston,actedinprod,theyellowbirds,2017
Barrymore,Affleck,coacting,hesjustnotthatintoyou,2009
Barrymore,Affleck,produced,hesjustnotthatintoyou,2009
Barrymore,Aniston,coacting,hesjustnotthatintoyou,2009
Barrymore,Aniston,produced,hesjustnotthatintoyou,2009
Barrymore,Barrymore,produced,hesjustnotthatintoyou,2009
Barrymore,Barrymore,actedinprod,hesjustnotthatintoyou,2009
Barrymore,Barrymore,directed,whipit,2009
Barrymore,Barrymore,produced,whipit,2009
Barrymore,Barrymore,actedinprod,whipit,2009
Barrymore,Barrymore,actedindirect,whipit,2009
Barrymore,Barrymore,proddirected,whipit,2009
Barrymore,Barrymore,directedprod,whipit,2009
Barrymore,Deniro,coacting,everybodysfine,2009
Barrymore,Palin,coacting,bigmiracle,2012
Barrymore,Sandler,actedinprod,blended,2014
Barrymore,Sandler,coacting,blended,2014
Barrymore,Johnson,produced,howtobesingle,2016
Berry,Berry,produced,frankiealice,2010
Berry,Berry,actedinprod,frankiealice,2010
Berry,Efron,coacting,newyearseve,2011
Berry,Deniro,coacting,newyearseve,2011
Berry,Heigl,coacting,newyearseve,2011
Berry,Kutcher,coacting,newyearseve,2011
Berry,Parker,coacting,newyearseve,2011
Berry,Macfarlane,coacting,movie43,2013
Berry,Watts,coacting,movie43,2013
Berry,Butler,coacting,movie43,2013
Berry,Lawrencej,coacting,xmendaysoffuturepast,2014
Berry,Berry,produced,kidnap,2017
Berry,Berry,actedinprod,kidnap,2017
Berry,Tatum,coacting,kingsmanthegoldencircle,2017
Black,Black,produced,gulliverstravel,2010
Black,Black,actedinprod,gulliverstravel,2010
Black,Ferrell,coacting,fightforyourrightrevisited,2011
Black,Stiller,actedinprod,thebigyear,2011
Black,Martin,coacting,thebigyear,2011
Black,Diaz,coacting,sextape,2014
Black,Black,produced,thedtrain,2015
Black,Black,actedinprod,thedtrain,2015
Black,Jonasn,coacting,jumanjiwelcometothejungle,2017
Black,Black,produced,thepolkaking,2017
Black,Black,actedinprod,thepolkaking,2017
Brand,Brand,produced,arthur,2011
Brand,Brand,actedinprod,arthur,2011
Brand,Cruise,coacting,rockofages,2012
Brand,Cage,coacting,armyofone,2016
Bullock,Bullock,produced,theproposal,2009
Bullock,Bullock,actedinprod,theproposal,2009
Bullock,Bullock,produced,allaboutsteve,2009
Bullock,Bullock,actedinprod,allaboutsteve,2009
Bullock,Mccarthy,coacting,theheat,2013
Bullock,Bullock,produced,ourbrandiscrisis,2015
Bullock,Bullock,actedinprod,ourbrandiscrisis,2015
Butler,Heigl,actedinprod,theuglytruth,2009
Butler,Heigl,coacting,theuglytruth,2009
Butler,Butler,produced,lawabidingcitizen,2009
Butler,Butler,actedinprod,lawabidingcitizen,2009
Butler,Aniston,coacting,thebountyhunter,2010
Butler,Butler,produced,machinegunpreacher,2011
Butler,Butler,actedinprod,machinegunpreacher,2011
Butler,Butler,produced,chasingmavericks,2012
Butler,Butler,actedinprod,chasingmavericks,2012
Butler,Butler,produced,playingforkeeps,2012
Butler,Butler,actedinprod,playingforkeeps,2012
Butler,Macfarlane,coacting,movie43,2013
Butler,Watts,coacting,movie43,2013
Butler,Berry,coacting,movie43,2013
Butler,Butler,produced,olympushasfallen,2013
Butler,Butler,actedinprod,olympushasfallen,2013
Butler,Butler,produced,londonhasfallen,2016
Butler,Butler,actedinprod,londonhasfallen,2016
Butler,Butler,produced,afamilyman,2016
Butler,Butler,actedinprod,afamilyman,2016
Cage,Cage,produced,thesorcerersapprentice,2010
Cage,Cage,actedinprod,thesorcerersapprentice,2010
Cage,Murphy,produced,athousandwords,2012
Cage,Brand,coacting,armyofone,2016
Cage,Woodley,coacting,snowden,2016
Cage,Cage,produced,vengeancealovestory,2017
Cage,Cage,actedinprod,vengeancealovestory,2017
Cameron,Cameron,written,unstoppable,2013
Cameron,Cameron,actedinwritten,unstoppable,2013
Cameron,Cameron,produced,savingchristmas,2014
Cameron,Cameron,actedinprod,savingchristmas,2014
Cattrall,Parker,actedinprod,sexandthecity2,2010
Cattrall,Davis,coacting,sexandthecity2,2010
Cattrall,Parker,coacting,sexandthecity2,2010
Cattrall,Nixon,coacting,sexandthecity2,2010
Cattrall,Cyrus,coacting,sexandthecity2,2010
Cavill,Lutz,coacting,immortals,2011
Cavill,Affleck,coacting,batmanvsupermandawnofjustice,2016
Cavill,Affleck,actedinprod,justiceleague,2017
Cavill,Affleck,coacting,justiceleague,2017
Cruise,Diaz,coacting,knightandday,2010
Cruise,Cruise,produced,missionimpossibleghostprotocol,2011
Cruise,Cruise,actedinprod,missionimpossibleghostprotocol,2011
Cruise,Brand,coacting,rockofages,2012
Cruise,Cruise,produced,jackreacher,2012
Cruise,Cruise,actedinprod,jackreacher,2012
Cruise,Cruise,produced,missionimpossibleroguenation,2015
Cruise,Cruise,actedinprod,missionimpossibleroguenation,2015
Cruise,Cruise,produced,jackreachernevergoback,2016
Cruise,Cruise,actedinprod,jackreachernevergoback,2016
Cyrus,Davis,coacting,sexandthecity2,2010
Cyrus,Parker,coacting,sexandthecity2,2010
Cyrus,Nixon,coacting,sexandthecity2,2010
Cyrus,Cattrall,coacting,sexandthecity2,2010
Cyrus,Parker,actedinprod,sexandthecity2,2010
Cyrus,Smith,coacting,justinbieberneversaynever,2011
Davis,Cyrus,coacting,sexandthecity2,2010
Davis,Parker,coacting,sexandthecity2,2010
Davis,Nixon,coacting,sexandthecity2,2010
Davis,Cattrall,coacting,sexandthecity2,2010
Davis,Parker,actedinprod,sexandthecity2,2010
Deniro,Depp,produced,publicenemies,2009
Deniro,Tatum,produced,publicenemies,2009
Deniro,Barrymore,coacting,everybodysfine,2009
Deniro,Lohan,coacting,machete,2010
Deniro,Jovovich,coacting,stone,2010
Deniro,Deniro,produced,littlefockers,2010
Deniro,Deniro,actedinprod,littlefockers,2010
Deniro,Stiller,coacting,littlefockers,2010
Deniro,Streisand,coacting,littlefockers,2010
Deniro,Efron,coacting,newyearseve,2011
Deniro,Berry,coacting,newyearseve,2011
Deniro,Heigl,coacting,newyearseve,2011
Deniro,Kutcher,coacting,newyearseve,2011
Deniro,Parker,coacting,newyearseve,2011
Deniro,Lawrencej,coacting,silverliningsplaybook,2012
Deniro,Heigl,coacting,thebigwedding,2013
Deniro,Travolta,coacting,killingseason,2013
Deniro,Lawrencej,coacting,americanhustle,2013
Deniro,Stallone,coacting,grudgematch,2013
Deniro,Lawrencej,coacting,joy,2015
Deniro,Efron,coacting,dirtygrandpa,2016
Depp,Tatum,coacting,publicenemies,2009
Depp,Deniro,actedinprod,publicenemies,2009
Depp,Depp,writtendirected,unloveable,2009
Depp,Depp,directedwritten,unloveable,2009
Depp,Depp,produced,therumdiary,2011
Depp,Depp,actedinprod,therumdiary,2011
Depp,Sandler,actedinprod,jackandjill,2011
Depp,Sandler,actedinwritten,jackandjill,2011
Depp,Sandler,coacting,jackandjill,2011
Depp,Swardson,coacting,jackandjill,2011
Depp,Tatum,actedinprod,21jumpstreet,2012
Depp,Tatum,coacting,21jumpstreet,2012
Depp,Johnson,coacting,21jumpstreet,2012
Depp,Depp,produced,darkshadows,2012
Depp,Depp,actedinprod,darkshadows,2012
Depp,Depp,produced,theloneranger,2013
Depp,Depp,actedinprod,theloneranger,2013
Depp,Depp,produced,mortdecai,2015
Depp,Depp,actedinprod,mortdecai,2015
Depp,Paltrow,coacting,mortdecai,2015
Depp,Paltrow,produced,mortdecai,2015
Depp,Johnson,coacting,blackmass,2015
Diaz,Cruise,coacting,knightandday,2010
Diaz,Lopez,coacting,whattoexpectwhenyoureexpecting,2012
Diaz,Black,coacting,sextape,2014
Diaz,Kunis,coacting,annie,2014
Diaz,Kutcher,coacting,annie,2014
Dornan,Johnson,coacting,fiftyshadesofgrey,2015
Dornan,Johnson,coacting,fiftyshadesdarker,2017
Dsouza,Dsouza,writtendirected,2016obamasamerica,2012
Dsouza,Dsouza,directedwritten,2016obamasamerica,2012
Dsouza,Dsouza,writtendirected,americaimaginetheworldwithouther,2014
Dsouza,Dsouza,directedwritten,americaimaginetheworldwithouther,2014
Dsouza,Dsouza,writtenprod,americaimaginetheworldwithouther,2014
Dsouza,Dsouza,prodwritten,americaimaginetheworldwithouther,2014
Dsouza,Dsouza,proddirected,americaimaginetheworldwithouther,2014
Dsouza,Dsouza,directedprod,americaimaginetheworldwithouther,2014
Dsouza,Turner,coacting,hillarysamericathesecrethistoryofthedemocraticparty,2016
Dsouza,Turner,directed,hillarysamericathesecrethistoryofthedemocraticparty,2016
Dsouza,Turner,written,hillarysamericathesecrethistoryofthedemocraticparty,2016
Dsouza,Turner,produced,hillarysamericathesecrethistoryofthedemocraticparty,2016
Dsouza,Dsouza,writtendirected,hillarysamericathesecrethistoryofthedemocraticparty,2016
Dsouza,Dsouza,directedwritten,hillarysamericathesecrethistoryofthedemocraticparty,2016
Dsouza,Dsouza,writtenprod,hillarysamericathesecrethistoryofthedemocraticparty,2016
Dsouza,Dsouza,prodwritten,hillarysamericathesecrethistoryofthedemocraticparty,2016
Dsouza,Dsouza,proddirected,hillarysamericathesecrethistoryofthedemocraticparty,2016
Dsouza,Dsouza,directedprod,hillarysamericathesecrethistoryofthedemocraticparty,2016
Dsouza,Dsouza,produced,hillarysamericathesecrethistoryofthedemocraticparty,2016
Dsouza,Dsouza,actedinprod,hillarysamericathesecrethistoryofthedemocraticparty,2016
Dsouza,Dsouza,written,hillarysamericathesecrethistoryofthedemocraticparty,2016
Dsouza,Dsouza,actedinwritten,hillarysamericathesecrethistoryofthedemocraticparty,2016
Dsouza,Dsouza,directed,hillarysamericathesecrethistoryofthedemocraticparty,2016
Dsouza,Dsouza,actedindirect,hillarysamericathesecrethistoryofthedemocraticparty,2016
Efron,Berry,coacting,newyearseve,2011
Efron,Deniro,coacting,newyearseve,2011
Efron,Heigl,coacting,newyearseve,2011
Efron,Kutcher,coacting,newyearseve,2011
Efron,Parker,coacting,newyearseve,2011
Efron,Efron,produced,thatawkwardmoment,2014
Efron,Efron,actedinprod,thatawkwardmoment,2014
Efron,Deniro,coacting,dirtygrandpa,2016
Efron,Gomez,coacting,neighbors2sororityrising,2016
Ferrell,Ferrell,produced,thegoodslivehardsellhard,2009
Ferrell,Ferrell,actedinprod,thegoodslivehardsellhard,2009
Ferrell,Ferrell,produced,theotherguys,2010
Ferrell,Ferrell,actedinprod,theotherguys,2010
Ferrell,Wahlberg,produced,theotherguys,2010
Ferrell,Wahlberg,coacting,theotherguys,2010
Ferrell,Black,coacting,fightforyourrightrevisited,2011
Ferrell,Ferrell,produced,timandericsbilliondollarmovie,2012
Ferrell,Ferrell,actedinprod,timandericsbilliondollarmovie,2012
Ferrell,Ferrell,produced,casademipadre,2012
Ferrell,Ferrell,actedinprod,casademipadre,2012
Ferrell,Ferrell,produced,thecampaign,2012
Ferrell,Ferrell,actedinprod,thecampaign,2012
Ferrell,Ferrell,written,anchorman2thelegendcontinues,2013
Ferrell,Ferrell,actedinwritten,anchorman2thelegendcontinues,2013
Ferrell,Ferrell,produced,anchorman2thelegendcontinues,2013
Ferrell,Ferrell,actedinprod,anchorman2thelegendcontinues,2013
Ferrell,Ferrell,writtenprod,anchorman2thelegendcontinues,2013
Ferrell,Ferrell,prodwritten,anchorman2thelegendcontinues,2013
Ferrell,Mccarthy,coproduced,tammy,2014
Ferrell,Mccarthy,prodwritten,tammy,2014
Ferrell,Mccarthy,produced,tammy,2014
Ferrell,Wahlberg,produced,daddyshome,2015
Ferrell,Wahlberg,coacting,daddyshome,2015
Ferrell,Ferrell,produced,daddyshome,2015
Ferrell,Ferrell,actedinprod,daddyshome,2015
Ferrell,Ferrell,produced,gethard,2015
Ferrell,Ferrell,actedinprod,gethard,2015
Ferrell,Stiller,actedindirect,zoolander2,2016
Ferrell,Stiller,actedinprod,zoolander2,2016
Ferrell,Stiller,actedinwritten,zoolander2,2016
Ferrell,Stiller,coacting,zoolander2,2016
Ferrell,Jonasj,coacting,zoolander2,2016
Ferrell,Jovovich,coacting,zoolander2,2016
Ferrell,Mccarthy,coproduced,theboss,2016
Ferrell,Mccarthy,prodwritten,theboss,2016
Ferrell,Mccarthy,produced,theboss,2016
Ferrell,Ferrell,produced,thehouse,2017
Ferrell,Ferrell,actedinprod,thehouse,2017
Ferrell,Wahlberg,coacting,daddyshome2,2017
Ferrell,Wahlberg,coproduced,daddyshome2,2017
Ferrell,Wahlberg,actedinprod,daddyshome2,2017
Ferrell,Ferrell,produced,daddyshome2,2017
Ferrell,Ferrell,actedinprod,daddyshome2,2017
Fox,Mccarthy,coacting,thisis40,2012
Fox,Perry,coacting,teenagemutantninjaturtlesoutoftheshadows,2016
Gomez,Cyrus,coacting,wizardsondeckwithhannahmontana,2009
Gomez,Efron,coacting,neighbors2sororityrising,2016
Heigl,Butler,coacting,theuglytruth,2009
Heigl,Butler,produced,theuglytruth,2009
Heigl,Heigl,produced,theuglytruth,2009
Heigl,Heigl,actedinprod,theuglytruth,2009
Heigl,Heigl,produced,lifeasweknowit,2010
Heigl,Heigl,actedinprod,lifeasweknowit,2010
Heigl,Mccarthy,coacting,lifeasweknowit,2010
Heigl,Mccarthy,produced,lifeasweknowit,2010
Heigl,Kutcher,coacting,killers,2010
Heigl,Kutcher,actedinprod,killers,2010
Heigl,Efron,coacting,newyearseve,2011
Heigl,Berry,coacting,newyearseve,2011
Heigl,Deniro,coacting,newyearseve,2011
Heigl,Kutcher,coacting,newyearseve,2011
Heigl,Parker,coacting,newyearseve,2011
Heigl,Heigl,produced,oneforthemoney,2012
Heigl,Heigl,actedinprod,oneforthemoney,2012
Heigl,Deniro,coacting,thebigwedding,2013
James,Sandler,coproduced,paulblartmallcop,2009
James,Sandler,writtenprod,paulblartmallcop,2009
James,James,writtenprod,paulblartmallcop,2009
James,James,prodwritten,paulblartmallcop,2009
James,Sandler,actedinprod,paulblartmallcop,2009
James,James,produced,paulblartmallcop,2009
James,James,actedinprod,paulblartmallcop,2009
James,James,actedinwritten,paulblartmallcop,2009
James,James,written,paulblartmallcop,2009
James,Sandler,actedinprod,grownups,2010
James,Sandler,actedinwritten,grownups,2010
James,Sandler,coacting,grownups,2010
James,Tatum,coacting,thedilemma,2011
James,Sandler,coproduced,zookeeper,2011
James,Sandler,writtenprod,zookeeper,2011
James,James,writtenprod,zookeeper,2011
James,James,prodwritten,zookeeper,2011
James,Sandler,actedinprod,zookeeper,2011
James,James,produced,zookeeper,2011
James,James,actedinprod,zookeeper,2011
James,James,written,zookeeper,2011
James,James,actedinwritten,zookeeper,2011
James,James,produced,hercomestheboom,2012
James,James,actedinprod,hercomestheboom,2012
James,James,written,hercomestheboom,2012
James,James,actedinwritten,hercomestheboom,2012
James,James,writtenprod,hercomestheboom,2012
James,James,prodwritten,hercomestheboom,2012
James,Sandler,coproduced,hercomestheboom,2012
James,Sandler,writtenprod,hercomestheboom,2012
James,Sandler,actedinprod,hercomestheboom,2012
James,Sandler,actedinprod,grownups2,2013
James,Sandler,actedinwritten,grownups2,2013
James,Sandler,coacting,grownups2,2013
James,Swardson,coacting,grownups2,2013
James,Lautner,coacting,grownups2,2013
James,Sandler,coproduced,paulblartmallcop2,2015
James,Sandler,writtenprod,paulblartmallcop2,2015
James,Sandler,actedinprod,paulblartmallcop2,2015
James,James,produced,paulblartmallcop2,2015
James,James,actedinprod,paulblartmallcop2,2015
James,James,written,paulblartmallcop2,2015
James,James,actedinwritten,paulblartmallcop2,2015
James,James,prodwritten,paulblartmallcop2,2015
James,James,writtenprod,paulblartmallcop2,2015
James,Sandler,coacting,pixels,2015
James,Sandler,actedinprod,pixels,2015
James,Swardson,coacting,pixels,2015
James,Sandler,actedinprod,sandywexler,2017
James,Sandler,actedinwritten,sandywexler,2017
James,Swardson,actedinprod,sandywexler,2017
James,Sandler,coacting,sandywexler,2017
James,Swardson,coacting,sandywexler,2017
Johnson,Tatum,coacting,21jumpstreet,2012
Johnson,Tatum,actedinprod,21jumpstreet,2012
Johnson,Depp,coacting,21jumpstreet,2012
Johnson,Jovovich,coacting,cymbeline,2014
Johnson,Dornan,coacting,fiftyshadesofgrey,2015
Johnson,Depp,coacting,blackmass,2015
Johnson,Barrymore,actedinprod,howtobesingle,2016
Johnson,Dornan,coacting,fiftyshadesdarker,2017
Jonasj,Jonask,coacting,jonasbrothersthe3dconcertexperience,2009
Jonasj,Jonasn,coacting,jonasbrothersthe3dconcertexperience,2009
Jonasj,Stiller,coacting,zoolander2,2016
Jonasj,Stiller,actedinprod,zoolander2,2016
Jonasj,Stiller,actedindirect,zoolander2,2016
Jonasj,Stiller,actedinwritten,zoolander2,2016
Jonasj,Ferrell,coacting,zoolander2,2016
Jonask,Jonasj,coacting,jonasbrothersthe3dconcertexperience,2009
Jonask,Jonasn,coacting,jonasbrothersthe3dconcertexperience,2009
Jonasn,Jonasj,coacting,jonasbrothersthe3dconcertexperience,2009
Jonasn,Jonask,coacting,jonasbrothersthe3dconcertexperience,2009
Jonasn,Black,coacting,jumanjiwelcometothejungle,2017
Jovovich,Deniro,coacting,stone,2010
Jovovich,Jovovich,actedinprod,facesinthecrowd,2011
Jovovich,Jovovich,produced,facesinthecrowd,2011
Jovovich,Johnson,coacting,cymbeline,2014
Jovovich,Stiller,coacting,zoolander2,2016
Jovovich,Stiller,actedinprod,zoolander2,2016
Jovovich,Stiller,actedindirect,zoolander2,2016
Jovovich,Stiller,actedinwritten,zoolander2,2016
Jovovich,Ferrell,coacting,zoolander2,2016
Jovovich,Jonasj,coacting,zoolander2,2016
Kunis,Affleck,coacting,extract,2009
Kunis,Wahlberg,coacting,datenight,2010
Kunis,Wahlberg,coacting,ted,2012
Kunis,Macfarlane,actedindirect,ted,2012
Kunis,Macfarlane,actedinwritten,ted,2012
Kunis,Macfarlane,actedinprod,ted,2012
Kunis,Kunis,produced,theangriestmaninbrooklyn,2014
Kunis,Kunis,actedinprod,theangriestmaninbrooklyn,2014
Kunis,Diaz,coacting,annie,2014
Kunis,Kutcher,coacting,annie,2014
Kunis,Tatum,coacting,jupiterascending,2015
Kunis,Kunis,actedinprod,abadmomschristmas,2017
Kunis,Kunis,produced,abadmomschristmas,2017
Kutcher,Kutcher,produced,spread,2009
Kutcher,Kutcher,actedinprod,spread,2009
Kutcher,Lautner,coacting,valentinesday,2010
Kutcher,Roberts,coacting,valentinesday,2010
Kutcher,Heigl,coacting,killers,2010
Kutcher,Heigl,produced,killers,2010
Kutcher,Kutcher,produced,killers,2010
Kutcher,Kutcher,actedinprod,killers,2010
Kutcher,Efron,coacting,newyearseve,2011
Kutcher,Berry,coacting,newyearseve,2011
Kutcher,Deniro,coacting,newyearseve,2011
Kutcher,Heigl,coacting,newyearseve,2011
Kutcher,Parker,coacting,newyearseve,2011
Kutcher,Diaz,coacting,annie,2014
Kutcher,Kunis,coacting,annie,2014
Lautner,Stewart,coacting,thetwilightsaganewmoon,2009
Lautner,Pattinson,coacting,thetwilightsaganewmoon,2009
Lautner,Lutz,coacting,thetwilightsaganewmoon,2009
Lautner,Kutcher,coacting,valentinesday,2010
Lautner,Roberts,coacting,valentinesday,2010
Lautner,Stewart,coacting,thetwilightsagaeclipse,2010
Lautner,Pattinson,coacting,thetwilightsagaeclipse,2010
Lautner,Lutz,coacting,thetwilightsagaeclipse,2010
Lautner,Stewart,coacting,thetwilightsagabreakingdawnpart1,2011
Lautner,Pattinson,coacting,thetwilightsagabreakingdawnpart1,2011
Lautner,Lutz,coacting,thetwilightsagabreakingdawnpart1,2011
Lautner,Stewart,coacting,thetwilightsagabreakingdawnpart2,2012
Lautner,Pattinson,coacting,thetwilightsagabreakingdawnpart2,2012
Lautner,Lutz,coacting,thetwilightsagabreakingdawnpart2,2012
Lautner,Sandler,actedinwritten,grownups2,2013
Lautner,Sandler,actedinprod,grownups2,2013
Lautner,Sandler,coacting,grownups2,2013
Lautner,James,coacting,grownups2,2013
Lautner,Swardson,coacting,grownups2,2013
Lautner,Sandler,actedinwritten,theridiculous6,2015
Lautner,Sandler,actedinprod,theridiculous6,2015
Lautner,Swardson,actedinprod,theridiculous6,2015
Lautner,Sandler,coacting,theridiculous6,2015
Lautner,Swardson,coacting,theridiculous6,2015
Lawrencej,Deniro,coacting,silverliningsplaybook,2012
Lawrencej,Deniro,coacting,americanhustle,2013
Lawrencej,Berry,coacting,xmendaysoffuturepast,2014
Lawrencej,Deniro,coacting,joy,2015
Lawrencem,Lawrencem,produced,bigmommaslikefatherlikeson,2011
Lawrencem,Lawrencem,actedinprod,bigmommaslikefatherlikeson,2011
Lohan,Deniro,coacting,machete,2010
Lohan,Lohan,produced,thecanyons,2013
Lohan,Lohan,actedinprod,thecanyons,2013
Lopez,Mccarthy,coacting,thebackupplan,2010
Lopez,Diaz,coacting,whattoexpectwhenyoureexpecting,2012
Lopez,Lopez,produced,theboynextdoor,2015
Lopez,Lopez,actedinprod,theboynextdoor,2015
Lutz,Stewart,coacting,thetwilightsaganewmoon,2009
Lutz,Pattinson,coacting,thetwilightsaganewmoon,2009
Lutz,Lautner,coacting,thetwilightsaganewmoon,2009
Lutz,Stewart,coacting,thetwilightsagaeclipse,2010
Lutz,Pattinson,coacting,thetwilightsagaeclipse,2010
Lutz,Lautner,coacting,thetwilightsagaeclipse,2010
Lutz,Cavill,coacting,immortals,2011
Lutz,Stewart,coacting,thetwilightsagabreakingdawnpart1,2011
Lutz,Pattinson,coacting,thetwilightsagabreakingdawnpart1,2011
Lutz,Lautner,coacting,thetwilightsagabreakingdawnpart1,2011
Lutz,Stewart,coacting,thetwilightsagabreakingdawnpart2,2012
Lutz,Pattinson,coacting,thetwilightsagabreakingdawnpart2,2012
Lutz,Lautner,coacting,thetwilightsagabreakingdawnpart2,2012
Lutz,Lutz,produced,syrup,2013
Lutz,Lutz,actedinprod,syrup,2013
Lutz,Weiss,coacting,thelegendofhercules,2014
Lutz,Stallone,actedinwritten,theexpendables3,2014
Lutz,Stallone,coacting,theexpendables3,2014
Macfarlane,Macfarlane,directedwritten,ted,2012
Macfarlane,Macfarlane,writtendirected,ted,2012
Macfarlane,Macfarlane,prodwritten,ted,2012
Macfarlane,Macfarlane,writtenprod,ted,2012
Macfarlane,Macfarlane,proddirected,ted,2012
Macfarlane,Macfarlane,directedprod,ted,2012
Macfarlane,Wahlberg,directed,ted,2012
Macfarlane,Wahlberg,written,ted,2012
Macfarlane,Wahlberg,produced,ted,2012
Macfarlane,Kunis,directed,ted,2012
Macfarlane,Kunis,written,ted,2012
Macfarlane,Kunis,produced,ted,2012
Macfarlane,Watts,coacting,movie43,2013
Macfarlane,Butler,coacting,movie43,2013
Macfarlane,Berry,coacting,movie43,2013
Macfarlane,Macfarlane,directedwritten,amillionwaystodieinthewest,2014
Macfarlane,Macfarlane,writtendirected,amillionwaystodieinthewest,2014
Macfarlane,Macfarlane,prodwritten,amillionwaystodieinthewest,2014
Macfarlane,Macfarlane,writtenprod,amillionwaystodieinthewest,2014
Macfarlane,Macfarlane,proddirected,amillionwaystodieinthewest,2014
Macfarlane,Macfarlane,directedprod,amillionwaystodieinthewest,2014
Macfarlane,Macfarlane,directed,amillionwaystodieinthewest,2014
Macfarlane,Macfarlane,written,amillionwaystodieinthewest,2014
Macfarlane,Macfarlane,produced,amillionwaystodieinthewest,2014
Macfarlane,Macfarlane,actedindirect,amillionwaystodieinthewest,2014
Macfarlane,Macfarlane,actedinwritten,amillionwaystodieinthewest,2014
Macfarlane,Macfarlane,actedinprod,amillionwaystodieinthewest,2014
Macfarlane,Theron,directed,amillionwaystodieinthewest,2014
Macfarlane,Theron,written,amillionwaystodieinthewest,2014
Macfarlane,Theron,produced,amillionwaystodieinthewest,2014
Macfarlane,Theron,coacting,amillionwaystodieinthewest,2014
Macfarlane,Macfarlane,directedwritten,ted2,2015
Macfarlane,Macfarlane,writtendirected,ted2,2015
Macfarlane,Macfarlane,prodwritten,ted2,2015
Macfarlane,Macfarlane,writtenprod,ted2,2015
Macfarlane,Macfarlane,proddirected,ted2,2015
Macfarlane,Macfarlane,directedprod,ted2,2015
Macfarlane,Wahlberg,directed,ted2,2015
Macfarlane,Wahlberg,written,ted2,2015
Macfarlane,Wahlberg,produced,ted2,2015
Macfarlane,Tatum,actedinprod,loganlucky,2017
Macfarlane,Tatum,coacting,loganlucky,2017
Martin,Martin,written,thepinkpanther2,2009
Martin,Martin,actedinwritten,thepinkpanther2,2009
Martin,Stiller,actedinprod,thebigyear,2011
Martin,Black,coacting,thebigyear,2011
Martin,Stewart,coacting,billylynnslonghalftimewalk,2016
Mccarthy,Lopez,coacting,thebackupplan,2010
Mccarthy,Heigl,actedinprod,lifeasweknowit,2010
Mccarthy,Heigl,coacting,lifeasweknowit,2010
Mccarthy,Fox,coacting,thisis40,2012
Mccarthy,Bullock,coacting,theheat,2013
Mccarthy,Ferrell,coproduced,tammy,2014
Mccarthy,Ferrell,writtenprod,tammy,2014
Mccarthy,Ferrell,actedinprod,tammy,2014
Mccarthy,Mccarthy,writtenprod,tammy,2014
Mccarthy,Mccarthy,prodwritten,tammy,2014
Mccarthy,Mccarthy,written,tammy,2014
Mccarthy,Mccarthy,produced,tammy,2014
Mccarthy,Mccarthy,actedinprod,tammy,2014
Mccarthy,Mccarthy,actedinwritten,tammy,2014
Mccarthy,Watts,coacting,stvincent,2014
Mccarthy,Ferrell,coproduced,theboss,2016
Mccarthy,Ferrell,writtenprod,theboss,2016
Mccarthy,Ferrell,actedinprod,theboss,2016
Mccarthy,Mccarthy,writtenprod,theboss,2016
Mccarthy,Mccarthy,prodwritten,theboss,2016
Mccarthy,Mccarthy,written,theboss,2016
Mccarthy,Mccarthy,produced,theboss,2016
Mccarthy,Mccarthy,actedinprod,theboss,2016
Mccarthy,Mccarthy,actedinwritten,theboss,2016
Murphy,Murphy,produced,towerheist,2011
Murphy,Stiller,produced,towerheist,2011
Murphy,Stiller,coacting,towerheist,2011
Murphy,Murphy,actedinprod,towerheist,2011
Murphy,Cage,actedinprod,athousandwords,2012
Nixon,Parker,actedinprod,sexandthecity2,2010
Nixon,Parker,coacting,sexandthecity2,2010
Nixon,Davis,coacting,sexandthecity2,2010
Nixon,Cattrall,coacting,sexandthecity2,2010
Nixon,Cyrus,coacting,sexandthecity2,2010
Palin,Barrymore,coacting,bigmiracle,2012
Paltrow,Depp,actedinprod,mortdecai,2015
Paltrow,Depp,coacting,mortdecai,2015
Parker,Parker,produced,sexandthecity2,2010
Parker,Parker,actedinprod,sexandthecity2,2010
Parker,Davis,produced,sexandthecity2,2010
Parker,Nixon,produced,sexandthecity2,2010
Parker,Cattrall,produced,sexandthecity2,2010
Parker,Cyrus,produced,sexandthecity2,2010
Parker,Davis,coacting,sexandthecity2,2010
Parker,Nixon,coacting,sexandthecity2,2010
Parker,Cattrall,coacting,sexandthecity2,2010
Parker,Cyrus,coacting,sexandthecity2,2010
Parker,Efron,coacting,newyearseve,2011
Parker,Deniro,coacting,newyearseve,2011
Parker,Berry,coacting,newyearseve,2011
Parker,Heigl,coacting,newyearseve,2011
Parker,Kutcher,coacting,newyearseve,2011
Pattinson,Stewart,coacting,thetwilightsaganewmoon,2009
Pattinson,Lutz,coacting,thetwilightsaganewmoon,2009
Pattinson,Lautner,coacting,thetwilightsaganewmoon,2009
Pattinson,Pattinson,produced,rememberme,2010
Pattinson,Pattinson,actedinprod,rememberme,2010
Pattinson,Stewart,coacting,thetwilightsagaeclipse,2010
Pattinson,Lutz,coacting,thetwilightsagaeclipse,2010
Pattinson,Lautner,coacting,thetwilightsagaeclipse,2010
Pattinson,Stewart,coacting,thetwilightsagabreakingdawnpart1,2011
Pattinson,Lutz,coacting,thetwilightsagabreakingdawnpart1,2011
Pattinson,Lautner,coacting,thetwilightsagabreakingdawnpart1,2011
Pattinson,Stewart,coacting,thetwilightsagabreakingdawnpart2,2012
Pattinson,Lutz,coacting,thetwilightsagabreakingdawnpart2,2012
Pattinson,Lautner,coacting,thetwilightsagabreakingdawnpart2,2012
Perry,Perry,directed,madeagoestojail,2009
Perry,Perry,actedindirect,madeagoestojail,2009
Perry,Perry,written,madeagoestojail,2009
Perry,Perry,actedinwritten,madeagoestojail,2009
Perry,Perry,produced,madeagoestojail,2009
Perry,Perry,actedinprod,madeagoestojail,2009
Perry,Perry,writtenprod,madeagoestojail,2009
Perry,Perry,prodwritten,madeagoestojail,2009
Perry,Perry,proddirected,madeagoestojail,2009
Perry,Perry,directedprod,madeagoestojail,2009
Perry,Perry,directedwritten,madeagoestojail,2009
Perry,Perry,writtendirected,madeagoestojail,2009
Perry,Perry,directed,icandobadallbymself,2009
Perry,Perry,actedindirect,icandobadallbymself,2009
Perry,Perry,written,icandobadallbymself,2009
Perry,Perry,actedinwritten,icandobadallbymself,2009
Perry,Perry,produced,icandobadallbymself,2009
Perry,Perry,actedinprod,icandobadallbymself,2009
Perry,Perry,writtenprod,icandobadallbymself,2009
Perry,Perry,prodwritten,icandobadallbymself,2009
Perry,Perry,proddirected,icandobadallbymself,2009
Perry,Perry,directedprod,icandobadallbymself,2009
Perry,Perry,directedwritten,icandobadallbymself,2009
Perry,Perry,writtendirected,icandobadallbymself,2009
Perry,Perry,directed,whydidigetmarriedtoo,2010
Perry,Perry,actedindirect,whydidigetmarriedtoo,2010
Perry,Perry,written,whydidigetmarriedtoo,2010
Perry,Perry,actedinwritten,whydidigetmarriedtoo,2010
Perry,Perry,produced,whydidigetmarriedtoo,2010
Perry,Perry,actedinprod,whydidigetmarriedtoo,2010
Perry,Perry,writtenprod,whydidigetmarriedtoo,2010
Perry,Perry,prodwritten,whydidigetmarriedtoo,2010
Perry,Perry,proddirected,whydidigetmarriedtoo,2010
Perry,Perry,directedprod,whydidigetmarriedtoo,2010
Perry,Perry,directedwritten,whydidigetmarriedtoo,2010
Perry,Perry,writtendirected,whydidigetmarriedtoo,2010
Perry,Perry,writtenprod,forcoloredgirls,2010
Perry,Perry,prodwritten,forcoloredgirls,2010
Perry,Perry,proddirected,forcoloredgirls,2010
Perry,Perry,directedprod,forcoloredgirls,2010
Perry,Perry,directedwritten,forcoloredgirls,2010
Perry,Perry,writtendirected,forcoloredgirls,2010
Perry,Perry,directed,madeasbighappyfamily,2010
Perry,Perry,actedindirect,madeasbighappyfamily,2010
Perry,Perry,written,madeasbighappyfamily,2010
Perry,Perry,actedinwritten,madeasbighappyfamily,2010
Perry,Perry,produced,madeasbighappyfamily,2010
Perry,Perry,actedinprod,madeasbighappyfamily,2010
Perry,Perry,writtenprod,madeasbighappyfamily,2010
Perry,Perry,prodwritten,madeasbighappyfamily,2010
Perry,Perry,proddirected,madeasbighappyfamily,2010
Perry,Perry,directedprod,madeasbighappyfamily,2010
Perry,Perry,directedwritten,madeasbighappyfamily,2010
Perry,Perry,writtendirected,madeasbighappyfamily,2010
Perry,Perry,directed,madeasbighappyfamily2,2011
Perry,Perry,actedindirect,madeasbighappyfamily2,2011
Perry,Perry,written,madeasbighappyfamily2,2011
Perry,Perry,actedinwritten,madeasbighappyfamily2,2011
Perry,Perry,produced,madeasbighappyfamily2,2011
Perry,Perry,actedinprod,madeasbighappyfamily2,2011
Perry,Perry,writtenprod,madeasbighappyfamily2,2011
Perry,Perry,prodwritten,madeasbighappyfamily2,2011
Perry,Perry,proddirected,madeasbighappyfamily2,2011
Perry,Perry,directedprod,madeasbighappyfamily2,2011
Perry,Perry,directedwritten,madeasbighappyfamily2,2011
Perry,Perry,writtendirected,madeasbighappyfamily2,2011
Perry,Perry,writtenprod,laughtokeepfromcrying,2011
Perry,Perry,prodwritten,laughtokeepfromcrying,2011
Perry,Perry,proddirected,laughtokeepfromcrying,2011
Perry,Perry,directedprod,laughtokeepfromcrying,2011
Perry,Perry,directedwritten,laughtokeepfromcrying,2011
Perry,Perry,writtendirected,laughtokeepfromcrying,2011
Perry,Perry,directed,amadeachristmas,2011
Perry,Perry,actedindirect,amadeachristmas,2011
Perry,Perry,written,amadeachristmas,2011
Perry,Perry,actedinwritten,amadeachristmas,2011
Perry,Perry,produced,amadeachristmas,2011
Perry,Perry,actedinprod,amadeachristmas,2011
Perry,Perry,writtenprod,amadeachristmas,2011
Perry,Perry,prodwritten,amadeachristmas,2011
Perry,Perry,proddirected,amadeachristmas,2011
Perry,Perry,directedprod,amadeachristmas,2011
Perry,Perry,directedwritten,amadeachristmas,2011
Perry,Perry,writtendirected,amadeachristmas,2011
Perry,Perry,directed,gooddeeds,2012
Perry,Perry,actedindirect,gooddeeds,2012
Perry,Perry,written,gooddeeds,2012
Perry,Perry,actedinwritten,gooddeeds,2012
Perry,Perry,produced,gooddeeds,2012
Perry,Perry,actedinprod,gooddeeds,2012
Perry,Perry,writtenprod,gooddeeds,2012
Perry,Perry,prodwritten,gooddeeds,2012
Perry,Perry,proddirected,gooddeeds,2012
Perry,Perry,directedprod,gooddeeds,2012
Perry,Perry,directedwritten,gooddeeds,2012
Perry,Perry,writtendirected,gooddeeds,2012
Perry,Perry,directed,auntbamsplace,2012
Perry,Perry,written,auntbamsplace,2012
Perry,Perry,actedindirect,auntbamsplace,2012
Perry,Perry,actedinwritten,auntbamsplace,2012
Perry,Perry,directedwritten,auntbamsplace,2012
Perry,Perry,writtendirected,auntbamsplace,2012
Perry,Perry,directed,madeaswitnessprotection,2012
Perry,Perry,actedindirect,madeaswitnessprotection,2012
Perry,Perry,written,madeaswitnessprotection,2012
Perry,Perry,actedinwritten,madeaswitnessprotection,2012
Perry,Perry,produced,madeaswitnessprotection,2012
Perry,Perry,actedinprod,madeaswitnessprotection,2012
Perry,Perry,writtenprod,madeaswitnessprotection,2012
Perry,Perry,prodwritten,madeaswitnessprotection,2012
Perry,Perry,proddirected,madeaswitnessprotection,2012
Perry,Perry,directedprod,madeaswitnessprotection,2012
Perry,Perry,directedwritten,madeaswitnessprotection,2012
Perry,Perry,writtendirected,madeaswitnessprotection,2012
Perry,Perry,directedwritten,idontwanttogowrong,2012
Perry,Perry,writtendirected,idontwanttogowrong,2012
Perry,Perry,directed,madeagetsajob,2013
Perry,Perry,actedindirect,madeagetsajob,2013
Perry,Perry,written,madeagetsajob,2013
Perry,Perry,actedinwritten,madeagetsajob,2013
Perry,Perry,produced,madeagetsajob,2013
Perry,Perry,actedinprod,madeagetsajob,2013
Perry,Perry,writtenprod,madeagetsajob,2013
Perry,Perry,prodwritten,madeagetsajob,2013
Perry,Perry,proddirected,madeagetsajob,2013
Perry,Perry,directedprod,madeagetsajob,2013
Perry,Perry,directedwritten,madeagetsajob,2013
Perry,Perry,writtendirected,madeagetsajob,2013
Perry,Perry,writtenprod,temptationconfessionsofamarriagecounselor,2013
Perry,Perry,prodwritten,temptationconfessionsofamarriagecounselor,2013
Perry,Perry,proddirected,temptationconfessionsofamarriagecounselor,2013
Perry,Perry,directedprod,temptationconfessionsofamarriagecounselor,2013
Perry,Perry,directedwritten,temptationconfessionsofamarriagecounselor,2013
Perry,Perry,writtendirected,temptationconfessionsofamarriagecounselor,2013
Perry,Perry,writtendirected,thehavesandthehavenots,2013
Perry,Perry,directedwritten,thehavesandthehavenots,2013
Perry,Perry,directed,amadeachristmas2,2013
Perry,Perry,actedindirect,amadeachristmas2,2013
Perry,Perry,written,amadeachristmas2,2013
Perry,Perry,actedinwritten,amadeachristmas2,2013
Perry,Perry,produced,amadeachristmas2,2013
Perry,Perry,actedinprod,amadeachristmas2,2013
Perry,Perry,writtenprod,amadeachristmas2,2013
Perry,Perry,prodwritten,amadeachristmas2,2013
Perry,Perry,proddirected,amadeachristmas2,2013
Perry,Perry,directedprod,amadeachristmas2,2013
Perry,Perry,directedwritten,amadeachristmas2,2013
Perry,Perry,writtendirected,amadeachristmas2,2013
Perry,Perry,directed,thesinglemomsclub,2014
Perry,Perry,actedindirect,thesinglemomsclub,2014
Perry,Perry,written,thesinglemomsclub,2014
Perry,Perry,actedinwritten,thesinglemomsclub,2014
Perry,Perry,produced,thesinglemomsclub,2014
Perry,Perry,actedinprod,thesinglemomsclub,2014
Perry,Perry,writtenprod,thesinglemomsclub,2014
Perry,Perry,prodwritten,thesinglemomsclub,2014
Perry,Perry,proddirected,thesinglemomsclub,2014
Perry,Perry,directedprod,thesinglemomsclub,2014
Perry,Perry,directedwritten,thesinglemomsclub,2014
Perry,Perry,writtendirected,thesinglemomsclub,2014
Perry,Perry,directed,madeasneighborsfromhell,2014
Perry,Perry,actedindirect,madeasneighborsfromhell,2014
Perry,Perry,written,madeasneighborsfromhell,2014
Perry,Perry,actedinwritten,madeasneighborsfromhell,2014
Perry,Perry,produced,madeasneighborsfromhell,2014
Perry,Perry,actedinprod,madeasneighborsfromhell,2014
Perry,Perry,writtenprod,madeasneighborsfromhell,2014
Perry,Perry,prodwritten,madeasneighborsfromhell,2014
Perry,Perry,proddirected,madeasneighborsfromhell,2014
Perry,Perry,directedprod,madeasneighborsfromhell,2014
Perry,Perry,directedwritten,madeasneighborsfromhell,2014
Perry,Perry,writtendirected,madeasneighborsfromhell,2014
Perry,Affleck,coacting,gonegirl,2014
Perry,Perry,writtendirected,hellhathnofurylikeawomanscorned,2014
Perry,Perry,directedwritten,hellhathnofurylikeawomanscorned,2014
Perry,Perry,writtendirected,madeastoughlove,2015
Perry,Perry,directedwritten,madeastoughlove,2015
Perry,Perry,written,madeastoughlove,2015
Perry,Perry,actedinwritten,madeastoughlove,2015
Perry,Perry,directed,madeastoughlove,2015
Perry,Perry,actedindirect,madeastoughlove,2015
Perry,Fox,coacting,teenagemutantninjaturtlesoutoftheshadows,2016
Perry,Perry,directed,booamadeahalloween,2016
Perry,Perry,actedindirect,booamadeahalloween,2016
Perry,Perry,written,booamadeahalloween,2016
Perry,Perry,actedinwritten,booamadeahalloween,2016
Perry,Perry,produced,booamadeahalloween,2016
Perry,Perry,actedinprod,booamadeahalloween,2016
Perry,Perry,writtenprod,booamadeahalloween,2016
Perry,Perry,prodwritten,booamadeahalloween,2016
Perry,Perry,proddirected,booamadeahalloween,2016
Perry,Perry,directedprod,booamadeahalloween,2016
Perry,Perry,directedwritten,booamadeahalloween,2016
Perry,Perry,writtendirected,booamadeahalloween,2016
Perry,Theron,actedinprod,brainonfire,2016
Perry,Perry,directed,tylerperrysmadeaontherun,2017
Perry,Perry,actedindirect,tylerperrysmadeaontherun,2017
Perry,Perry,written,tylerperrysmadeaontherun,2017
Perry,Perry,actedinwritten,tylerperrysmadeaontherun,2017
Perry,Perry,produced,tylerperrysmadeaontherun,2017
Perry,Perry,actedinprod,tylerperrysmadeaontherun,2017
Perry,Perry,writtenprod,tylerperrysmadeaontherun,2017
Perry,Perry,prodwritten,tylerperrysmadeaontherun,2017
Perry,Perry,proddirected,tylerperrysmadeaontherun,2017
Perry,Perry,directedprod,tylerperrysmadeaontherun,2017
Perry,Perry,directedwritten,tylerperrysmadeaontherun,2017
Perry,Perry,writtendirected,tylerperrysmadeaontherun,2017
Perry,Perry,directed,boo2amadeahalloween,2017
Perry,Perry,actedindirect,boo2amadeahalloween,2017
Perry,Perry,written,boo2amadeahalloween,2017
Perry,Perry,actedinwritten,boo2amadeahalloween,2017
Perry,Perry,produced,boo2amadeahalloween,2017
Perry,Perry,actedinprod,boo2amadeahalloween,2017
Perry,Perry,writtenprod,boo2amadeahalloween,2017
Perry,Perry,prodwritten,boo2amadeahalloween,2017
Perry,Perry,proddirected,boo2amadeahalloween,2017
Perry,Perry,directedprod,boo2amadeahalloween,2017
Perry,Perry,directedwritten,boo2amadeahalloween,2017
Perry,Perry,writtendirected,boo2amadeahalloween,2017
Roberts,Kutcher,coacting,valentinesday,2010
Roberts,Lautner,coacting,valentinesday,2010
Roberts,Aniston,coacting,mothersday,2016
Sandler,James,prodwritten,paulblartmallcop,2009
Sandler,James,coproduced,paulblartmallcop,2009
Sandler,James,produced,paulblartmallcop,2009
Sandler,James,coacting,grownups,2010
Sandler,James,produced,grownups,2010
Sandler,James,written,grownups,2010
Sandler,Sandler,prodwritten,grownups,2010
Sandler,Sandler,writtenprod,grownups,2010
Sandler,Sandler,produced,grownups,2010
Sandler,Sandler,written,grownups,2010
Sandler,Sandler,actedinprod,grownups,2010
Sandler,Sandler,actedinwritten,grownups,2010
Sandler,Aniston,produced,justgowithit,2011
Sandler,Aniston,coacting,justgowithit,2011
Sandler,Swardson,produced,justgowithit,2011
Sandler,Swardson,coacting,justgowithit,2011
Sandler,Sandler,produced,justgowithit,2011
Sandler,Sandler,actedinprod,justgowithit,2011
Sandler,James,coproduced,zookeeper,2011
Sandler,James,prodwritten,zookeeper,2011
Sandler,James,produced,zookeeper,2011
Sandler,Swardson,cowritten,buckylarsonborntobeastar,2011
Sandler,Swardson,coproduced,buckylarsonborntobeastar,2011
Sandler,Swardson,prodwritten,buckylarsonborntobeastar,2011
Sandler,Swardson,writtenprod,buckylarsonborntobeastar,2011
Sandler,Swardson,written,buckylarsonborntobeastar,2011
Sandler,Swardson,produced,buckylarsonborntobeastar,2011
Sandler,Sandler,prodwritten,buckylarsonborntobeastar,2011
Sandler,Sandler,writtenprod,buckylarsonborntobeastar,2011
Sandler,Swardson,produced,jackandjill,2011
Sandler,Swardson,written,jackandjill,2011
Sandler,Swardson,coacting,jackandjill,2011
Sandler,Depp,produced,jackandjill,2011
Sandler,Depp,written,jackandjill,2011
Sandler,Depp,coacting,jackandjill,2011
Sandler,Sandler,produced,jackandjill,2011
Sandler,Sandler,written,jackandjill,2011
Sandler,Sandler,actedinwritten,jackandjill,2011
Sandler,Sandler,actedinprod,jackandjill,2011
Sandler,Sandler,prodwritten,jackandjill,2011
Sandler,Sandler,writtenprod,jackandjill,2011
Sandler,Swardson,produced,thatsmyboy,2012
Sandler,Swardson,coacting,thatsmyboy,2012
Sandler,Sandler,produced,thatsmyboy,2012
Sandler,Sandler,actedinprod,thatsmyboy,2012
Sandler,James,coproduced,herecomestheboom,2012
Sandler,James,prodwritten,herecomestheboom,2012
Sandler,James,produced,herecomestheboom,2012
Sandler,Sandler,prodwritten,grownups2,2013
Sandler,Sandler,writtenprod,grownups2,2013
Sandler,Sandler,written,grownups2,2013
Sandler,Sandler,actedinwritten,grownups2,2013
Sandler,Sandler,produced,grownups2,2013
Sandler,Sandler,actedinprod,grownups2,2013
Sandler,James,produced,grownups2,2013
Sandler,James,written,grownups2,2013
Sandler,James,coacting,grownups2,2013
Sandler,Swardson,produced,grownups2,2013
Sandler,Swardson,written,grownups2,2013
Sandler,Swardson,coacting,grownups2,2013
Sandler,Lautner,produced,grownups2,2013
Sandler,Lautner,written,grownups2,2013
Sandler,Lautner,coacting,grownups2,2013
Sandler,Sandler,produced,blended,2014
Sandler,Sandler,actedinprod,blended,2014
Sandler,Barrymore,produced,blended,2014
Sandler,Barrymore,coacting,blended,2014
Sandler,James,produced,paulblartmallcop2,2015
Sandler,James,coproduced,paulblartmallcop2,2015
Sandler,James,prodwritten,paulblartmallcop2,2015
Sandler,Sandler,produced,pixels,2015
Sandler,Sandler,actedinprod,pixels,2015
Sandler,James,produced,pixels,2015
Sandler,James,coacting,pixels,2015
Sandler,Swardson,produced,pixels,2015
Sandler,Swardson,coacting,pixels,2015
Sandler,Sandler,prodwritten,theridiculous6,2015
Sandler,Sandler,writtenprod,theridiculous6,2015
Sandler,Sandler,produced,theridiculous6,2015
Sandler,Sandler,written,theridiculous6,2015
Sandler,Sandler,actedinprod,theridiculous6,2015
Sandler,Sandler,actedinwritten,theridiculous6,2015
Sandler,Swardson,coproduced,theridiculous6,2015
Sandler,Swardson,writtenprod,theridiculous6,2015
Sandler,Swardson,produced,theridiculous6,2015
Sandler,Swardson,written,theridiculous6,2015
Sandler,Swardson,actedinprod,theridiculous6,2015
Sandler,Swardson,coacting,theridiculous6,2015
Sandler,Lautner,produced,theridiculous6,2015
Sandler,Lautner,written,theridiculous6,2015
Sandler,Lautner,coacting,theridiculous6,2015
Sandler,Sandler,produced,thedoover,2016
Sandler,Sandler,actedinprod,thedoover,2016
Sandler,Swardson,coproduced,thedoover,2016
Sandler,Swardson,produced,thedoover,2016
Sandler,Swardson,actedinprod,thedoover,2016
Sandler,Swardson,coacting,thedoover,2016
Sandler,Sandler,writtenprod,sandywexler,2017
Sandler,Sandler,prodwritten,sandywexler,2017
Sandler,Sandler,actedinprod,sandywexler,2017
Sandler,Sandler,produced,sandywexler,2017
Sandler,Sandler,actedinwritten,sandywexler,2017
Sandler,Sandler,written,sandywexler,2017
Sandler,James,written,sandywexler,2017
Sandler,James,produced,sandywexler,2017
Sandler,James,coacting,sandywexler,2017
Sandler,Swardson,coproduced,sandywexler,2017
Sandler,Swardson,writtenprod,sandywexler,2017
Sandler,Swardson,coacting,sandywexler,2017
Sandler,Swardson,produced,sandywexler,2017
Sandler,Swardson,written,sandywexler,2017
Sandler,Swardson,actedinprod,sandywexler,2017
Sandler,Stiller,coacting,themeyerowitzstoriesnewandselected,2017
Smith,Cyrus,coacting,justinbieberneversaynever,2011
Stallone,Stallone,directed,theexpendables,2010
Stallone,Stallone,written,theexpendables,2010
Stallone,Stallone,actedindirect,theexpendables,2010
Stallone,Stallone,actedinwritten,theexpendables,2010
Stallone,Stallone,writtendirected,theexpendables,2010
Stallone,Stallone,directedwritten,theexpendables,2010
Stallone,Stallone,written,theexpendables2,2012
Stallone,Stallone,actedinwritten,theexpendables2,2012
Stallone,Stallone,writtenprod,homefront,2013
Stallone,Stallone,prodwritten,homefront,2013
Stallone,Deniro,coacting,grudgematch,2013
Stallone,Stallone,written,theexpendables3,2014
Stallone,Stallone,actedinwritten,theexpendables3,2014
Stallone,Lutz,actedinwritten,theexpendables3,2014
Stallone,Lutz,coacting,theexpendables3,2014
Stallone,Stallone,written,creed,2015
Stallone,Stallone,actedinwritten,creed,2015
Stallone,Stallone,produced,creed,2015
Stallone,Stallone,actedinprod,creed,2015
Stallone,Stallone,prodwritten,creed,2015
Stallone,Stallone,writtenprod,creed,2015
Stewart,Pattinson,coacting,thetwilightsaganewmoon,2009
Stewart,Lautner,coacting,thetwilightsaganewmoon,2009
Stewart,Lutz,coacting,thetwilightsaganewmoon,2009
Stewart,Pattinson,coacting,thetwilightsagaeclipse,2010
Stewart,Lautner,coacting,thetwilightsagaeclipse,2010
Stewart,Lutz,coacting,thetwilightsagaeclipse,2010
Stewart,Pattinson,coacting,thetwilightsagabreakingdawnpart1,2011
Stewart,Lautner,coacting,thetwilightsagabreakingdawnpart1,2011
Stewart,Lutz,coacting,thetwilightsagabreakingdawnpart1,2011
Stewart,Theron,coacting,snowwhiteandthehuntsman,2012
Stewart,Pattinson,coacting,thetwilightsagabreakingdawnpart2,2012
Stewart,Lautner,coacting,thetwilightsagabreakingdawnpart2,2012
Stewart,Lutz,coacting,thetwilightsagabreakingdawnpart2,2012
Stewart,Martin,coacting,billylynnslonghalftimewalk,2016
Stewart,Stewart,directedwritten,comeswim,2017
Stewart,Stewart,writtendirected,comeswim,2017
Stiller,Streisand,coacting,littlefockers,2010
Stiller,Deniro,actedinprod,littlefockers,2010
Stiller,Deniro,coacting,littlefockers,2010
Stiller,Stiller,produced,submarine,2010
Stiller,Stiller,actedinprod,submarine,2010
Stiller,Swardson,produced,30minutesorless,2011
Stiller,Black,produced,thebigyear,2011
Stiller,Martin,produced,thebigyear,2011
Stiller,Murphy,actedinprod,towerheist,2011
Stiller,Murphy,coacting,towerheist,2011
Stiller,Stiller,directed,thesecretlifeofwaltermitty,2013
Stiller,Stiller,actedindirect,thesecretlifeofwaltermitty,2013
Stiller,Stiller,proddirected,thesecretlifeofwaltermitty,2013
Stiller,Stiller,directedprod,thesecretlifeofwaltermitty,2013
Stiller,Stiller,produced,thesecretlifeofwaltermitty,2013
Stiller,Stiller,actedinprod,thesecretlifeofwaltermitty,2013
Stiller,Watts,coacting,whilewereyoung,2014
Stiller,Ferrell,coacting,zoolander2,2016
Stiller,Ferrell,directed,zoolander2,2016
Stiller,Ferrell,written,zoolander2,2016
Stiller,Ferrell,produced,zoolander2,2016
Stiller,Jovovich,coacting,zoolander2,2016
Stiller,Jovovich,directed,zoolander2,2016
Stiller,Jovovich,written,zoolander2,2016
Stiller,Jovovich,produced,zoolander2,2016
Stiller,Jonasj,coacting,zoolander2,2016
Stiller,Jonasj,directed,zoolander2,2016
Stiller,Jonasj,written,zoolander2,2016
Stiller,Jonasj,produced,zoolander2,2016
Stiller,Stiller,actedindirect,zoolander2,2016
Stiller,Stiller,directed,zoolander2,2016
Stiller,Stiller,written,zoolander2,2016
Stiller,Stiller,produced,zoolander2,2016
Stiller,Stiller,actedinprod,zoolander2,2016
Stiller,Stiller,actedinwritten,zoolander2,2016
Stiller,Stiller,prodwritten,zoolander2,2016
Stiller,Stiller,writtenprod,zoolander2,2016
Stiller,Stiller,directedwritten,zoolander2,2016
Stiller,Stiller,writtendirected,zoolander2,2016
Stiller,Stiller,directedprod,zoolander2,2016
Stiller,Stiller,proddirected,zoolander2,2016
Stiller,Stiller,produced,playdodgeballwithbenstiller,2017
Stiller,Stiller,actedinprod,playdodgeballwithbenstiller,2017
Stiller,Sandler,coacting,themeyerowitzstoriesnewandselected,2017
Streisand,Deniro,actedinprod,littlefockers,2010
Streisand,Deniro,coacting,littlefockers,2010
Streisand,Stiller,coacting,littlefockers,2010
Streisand,Streisand,produced,theguilttrip,2012
Streisand,Streisand,actedinprod,theguilttrip,2012
Swardson,Sandler,actedinprod,justgowithit,2011
Swardson,Sandler,coacting,justgowithit,2011
Swardson,Aniston,coacting,justgowithit,2011
Swardson,Stiller,actedinprod,30minutesorless,2011
Swardson,Sandler,actedinprod,buckylarsonborntobeastar,2011
Swardson,Sandler,actedinwritten,buckylarsonborntobeastar,2011
Swardson,Sandler,cowritten,buckylarsonborntobeastar,2011
Swardson,Sandler,coproduced,buckylarsonborntobeastar,2011
Swardson,Sandler,writtenprod,buckylarsonborntobeastar,2011
Swardson,Sandler,prodwritten,buckylarsonborntobeastar,2011
Swardson,Swardson,writtenprod,buckylarsonborntobeastar,2011
Swardson,Swardson,prodwritten,buckylarsonborntobeastar,2011
Swardson,Swardson,produced,buckylarsonborntobeastar,2011
Swardson,Swardson,written,buckylarsonborntobeastar,2011
Swardson,Swardson,actedinprod,buckylarsonborntobeastar,2011
Swardson,Swardson,actedinwritten,buckylarsonborntobeastar,2011
Swardson,Sandler,actedinprod,jackandjill,2011
Swardson,Sandler,actedinwritten,jackandjill,2011
Swardson,Sandler,coacting,jackandjill,2011
Swardson,Sandler,actedinprod,thatsmyboy,2012
Swardson,Sandler,coacting,thatsmyboy,2012
Swardson,Sandler,actedinprod,grownups2,2013
Swardson,Sandler,actedinwritten,grownups2,2013
Swardson,Sandler,coacting,grownups2,2013
Swardson,James,coacting,grownups2,2013
Swardson,Lautner,coacting,grownups2,2013
Swardson,Swardson,written,themassagewithnickswardson,2014
Swardson,Swardson,actedinwritten,themassagewithnickswardson,2014
Swardson,Sandler,coacting,pixels,2015
Swardson,James,coacting,pixels,2015
Swardson,Sandler,coproduced,theridiculous6,2015
Swardson,Sandler,prodwritten,theridiculous6,2015
Swardson,Sandler,produced,theridiculous6,2015
Swardson,Sandler,actedinprod,theridiculous6,2015
Swardson,Sandler,actedinwritten,theridiculous6,2015
Swardson,Sandler,coacting,theridiculous6,2015
Swardson,Swardson,produced,theridiculous6,2015
Swardson,Swardson,actedinprod,theridiculous6,2015
Swardson,Lautner,produced,theridiculous6,2015
Swardson,Lautner,coacting,theridiculous6,2015
Swardson,Swardson,produced,thedoover,2016
Swardson,Swardson,actedinprod,thedoover,2016
Swardson,Sandler,actedinprod,thedoover,2016
Swardson,Sandler,coproduced,thedoover,2016
Swardson,Sandler,coacting,thedoover,2016
Swardson,Sandler,produced,thedoover,2016
Swardson,Sandler,coproduced,sandywexler,2017
Swardson,Sandler,prodwritten,sandywexler,2017
Swardson,Sandler,produced,sandywexler,2017
Swardson,Sandler,actedinprod,sandywexler,2017
Swardson,Sandler,actedinwritten,sandywexler,2017
Swardson,Sandler,coacting,sandywexler,2017
Swardson,Swardson,produced,sandywexler,2017
Swardson,Swardson,actedinprod,sandywexler,2017
Swardson,James,produced,sandywexler,2017
Swardson,James,coacting,sandywexler,2017
Tatum,Deniro,actedinprod,publicenemies,2009
Tatum,Depp,coacting,publicenemies,2009
Tatum,James,coacting,thedilemma,2011
Tatum,Tatum,produced,10years,2011
Tatum,Tatum,actedinprod,10years,2011
Tatum,Johnson,coacting,21jumpstreet,2012
Tatum,Johnson,produced,21jumpstreet,2012
Tatum,Depp,coacting,21jumpstreet,2012
Tatum,Depp,produced,21jumpstreet,2012
Tatum,Tatum,produced,21jumpstreet,2012
Tatum,Tatum,actedinprod,21jumpstreet,2012
Tatum,Tatum,produced,magicmike,2012
Tatum,Tatum,actedinprod,magicmike,2012
Tatum,Watson,coacting,thisistheend,2013
Tatum,Tatum,produced,whitehousedown,2013
Tatum,Tatum,actedinprod,whitehousedown,2013
Tatum,Tatum,produced,22jumpstreet,2014
Tatum,Tatum,actedinprod,22jumpstreet,2014
Tatum,Kunis,coacting,jupiterascending,2015
Tatum,Tatum,produced,magicmikexxl,2015
Tatum,Tatum,actedinprod,magicmikexxl,2015
Tatum,Macfarlane,produced,loganlucky,2017
Tatum,Macfarlane,coacting,loganlucky,2017
Tatum,Tatum,actedinprod,loganlucky,2017
Tatum,Tatum,produced,loganlucky,2017
Tatum,Berry,coacting,kingsmanthegoldencircle,2017
Theron,Theron,produced,youngadult,2011
Theron,Theron,actedinprod,youngadult,2011
Theron,Stewart,coacting,snowwhiteandthehuntsman,2012
Theron,Macfarlane,coacting,amillionwaystodieinthewest,2014
Theron,Macfarlane,actedinprod,amillionwaystodieinthewest,2014
Theron,Macfarlane,actedinwritten,amillionwaystodieinthewest,2014
Theron,Macfarlane,actedindirect,amillionwaystodieinthewest,2014
Theron,Theron,produced,darkplaces,2015
Theron,Theron,actedinprod,darkplaces,2015
Theron,Perry,produced,brainonfire,2016
Theron,Theron,produced,atomicblonde,2017
Theron,Theron,actedinprod,atomicblonde,2017
Travolta,Deniro,coacting,killingseason,2013
Travolta,Travolta,produced,criminalactivities,2015
Travolta,Travolta,actedinprod,criminalactivities,2015
Turner,Dsouza,coacting,hillarysamericathesecrethistoryofthedemocraticparty,2016
Turner,Dsouza,actedinwritten,hillarysamericathesecrethistoryofthedemocraticparty,2016
Turner,Dsouza,actedindirect,hillarysamericathesecrethistoryofthedemocraticparty,2016
Turner,Dsouza,actedinprod,hillarysamericathesecrethistoryofthedemocraticparty,2016
Turner,Dsouza,coacting,hillarysamericathesecrethistoryofthedemocraticparty,2016
Wahlberg,Kunis,coacting,datenight,2010
Wahlberg,Ferrell,actedinprod,theotherguys,2010
Wahlberg,Ferrell,coacting,theotherguys,2010
Wahlberg,Wahlberg,produced,thefighter,2010
Wahlberg,Wahlberg,actedinprod,thefighter,2010
Wahlberg,Wahlberg,produced,contraband,2012
Wahlberg,Wahlberg,actedinprod,contraband,2012
Wahlberg,Macfarlane,actedindirect,ted,2012
Wahlberg,Macfarlane,actedinwritten,ted,2012
Wahlberg,Macfarlane,actedinprod,ted,2012
Wahlberg,Kunis,coacting,ted,2012
Wahlberg,Wahlberg,produced,brokencity,2013
Wahlberg,Wahlberg,actedinprod,brokencity,2013
Wahlberg,Wahlberg,produced,lonesurvivor,2013
Wahlberg,Wahlberg,actedinprod,lonesurvivor,2013
Wahlberg,Wahlberg,produced,thegambler,2014
Wahlberg,Wahlberg,actedinprod,thegambler,2014
Wahlberg,Wahlberg,produced,entourage,2015
Wahlberg,Wahlberg,actedinprod,entourage,2015
Wahlberg,Macfarlane,actedindirect,ted2,2015
Wahlberg,Macfarlane,actedinwritten,ted2,2015
Wahlberg,Macfarlane,actedinprod,ted2,2015
Wahlberg,Ferrell,coacting,daddyshome,2015
Wahlberg,Ferrell,actedinprod,daddyshome,2015
Wahlberg,Wahlberg,actedinprod,deepwaterhorizon,2016
Wahlberg,Wahlberg,produced,deepwaterhorizon,2016
Wahlberg,Wahlberg,actedinprod,patriotsday,2016
Wahlberg,Wahlberg,produced,patriotsday,2016
Wahlberg,Wahlberg,actedinprod,daddyshome2,2017
Wahlberg,Wahlberg,produced,daddyshome2,2017
Wahlberg,Ferrell,produced,daddyshome2,2017
Wahlberg,Ferrell,coacting,daddyshome2,2017
Wahlberg,Ferrell,coproduced,daddyshome2,2017
Wahlberg,Ferrell,actedinprod,daddyshome2,2017
Watson,Tatum,coacting,thisistheend,2013
Watts,Watts,produced,adore,2013
Watts,Watts,actedinprod,adore,2013
Watts,Macfarlane,coacting,movie43,2013
Watts,Butler,coacting,movie43,2013
Watts,Berry,coacting,movie43,2013
Watts,Mccarthy,coacting,stvincent,2014
Watts,Stiller,coacting,whilewereyoung,2014
Watts,Woodley,coacting,insurgent,2015
Watts,Watts,produced,3generations,2015
Watts,Watts,actedinprod,3generations,2015
Watts,Woodley,coacting,allegiant,2016
Weiss,Lutz,coacting,thelegendofhercules,2014
Woodley,Barrymore,actedindirect,bestcoastourdeal,2011
Woodley,Barrymore,coacting,bestcoastourdeal,2011
Woodley,Watts,coacting,insurgent,2015
Woodley,Watts,coacting,allegiant,2016
Woodley,Cage,coacting,snowden,2016